[
{
 "model": "auth.group",
 "fields": {
  "name": "Template Designer",
  "permissions": [
   [
    "add_template",
    "dmpt",
    "template"
   ]
  ]
 }
},
{
 "model": "easydmp_auth.user",
 "fields": {
  "password": "pbkdf2_sha256$36000$bbSRB7l4pqOP$zkCiR2VnJhq3WeDTGHzK1kryl+uRippJDCFtw7NzeCI=",
  "last_login": "2019-02-12T13:16:45.007Z",
  "is_superuser": true,
  "username": "superuser",
  "first_name": "",
  "last_name": "",
  "email": "",
  "is_staff": true,
  "is_active": true,
  "date_joined": "2018-09-25T11:03:27Z",
  "full_name": "",
  "groups": [],
  "user_permissions": []
 }
},
{
 "model": "easydmp_auth.user",
 "fields": {
  "password": "pbkdf2_sha256$36000$Uu0JGycoXvFl$bkkIEkKAjIIo6KI5a7Fl/PVXF6PZIM0KO7sMDyqEqRI=",
  "last_login": "2018-09-27T09:11:59.517Z",
  "is_superuser": false,
  "username": "ordinaryuser",
  "first_name": "",
  "last_name": "",
  "email": "",
  "is_staff": true,
  "is_active": true,
  "date_joined": "2018-09-26T10:19:05.564Z",
  "full_name": "",
  "groups": [],
  "user_permissions": []
 }
},
{
 "model": "easydmp_auth.user",
 "fields": {
  "password": "pbkdf2_sha256$36000$zXHEKxNSmXLa$9erhMag/dW0IeagnJnWvUhpCtwzX5TB8Da8dgcKUsqs=",
  "last_login": null,
  "is_superuser": false,
  "username": "templatedesigner",
  "first_name": "",
  "last_name": "",
  "email": "",
  "is_staff": true,
  "is_active": true,
  "date_joined": "2018-09-27T09:14:00Z",
  "full_name": "",
  "groups": [
   [
    "Template Designer"
   ]
  ],
  "user_permissions": []
 }
},
{
 "model": "dmpt.template",
 "pk": 1,
 "fields": {
  "modified": "2019-05-09T07:48:23.210Z",
  "cloned_from": null,
  "cloned_when": null,
  "title": "Multiple named linear sections example",
  "abbreviation": "",
  "description": "",
  "more_info": "",
  "domain_specific": false,
  "reveal_questions": false,
  "version": 1,
  "created": "2018-09-26T08:49:52.392Z",
  "published": null,
  "retired": null
 }
},
{
 "model": "dmpt.template",
 "pk": 2,
 "fields": {
  "modified": "2019-05-09T07:48:23.210Z",
  "cloned_from": null,
  "cloned_when": null,
  "title": "Single unnamed linear section example",
  "abbreviation": "",
  "description": "",
  "more_info": "",
  "domain_specific": false,
  "reveal_questions": false,
  "version": 1,
  "created": "2018-09-27T09:08:13.677Z",
  "published": null,
  "retired": null
 }
},
{
 "model": "dmpt.templateuserobjectpermission",
 "pk": 1,
 "fields": {
  "permission": [
   "use_template",
   "dmpt",
   "template"
  ],
  "user": [
   "ordinaryuser"
  ],
  "content_object": 2
 }
},
{
 "model": "dmpt.templategroupobjectpermission",
 "pk": 1,
 "fields": {
  "permission": [
   "use_template",
   "dmpt",
   "template"
  ],
  "group": [
   "Template Designer"
  ],
  "content_object": 2
 }
},
{
 "model": "dmpt.templategroupobjectpermission",
 "pk": 2,
 "fields": {
  "permission": [
   "use_template",
   "dmpt",
   "template"
  ],
  "group": [
   "Template Designer"
  ],
  "content_object": 1
 }
},
{
 "model": "dmpt.section",
 "pk": 1,
 "fields": {
  "modified": "2019-03-07T13:08:16.013Z",
  "cloned_from": null,
  "cloned_when": null,
  "template": 1,
  "label": "",
  "title": "First section",
  "position": 1,
  "introductory_text": "This is the introductory text to the first section of this template.",
  "comment": "This is the comment to the first section of this template.",
  "super_section": null,
  "section_depth": 1,
  "branching": false,
  "optional": false
 }
},
{
 "model": "dmpt.section",
 "pk": 2,
 "fields": {
  "modified": "2019-03-07T13:08:16.013Z",
  "cloned_from": null,
  "cloned_when": null,
  "template": 1,
  "label": "",
  "title": "Empty section",
  "position": 2,
  "introductory_text": "This is a section without any questions.",
  "comment": "Since there aren't any questions, nothing to do here.",
  "super_section": null,
  "section_depth": 1,
  "branching": false,
  "optional": false
 }
},
{
 "model": "dmpt.section",
 "pk": 3,
 "fields": {
  "modified": "2019-03-07T13:08:16.013Z",
  "cloned_from": null,
  "cloned_when": null,
  "template": 1,
  "label": "A label!",
  "title": "Second empty section",
  "position": 3,
  "introductory_text": "Yet another empty section, to test that moving over several empty sections work.",
  "comment": "Nothing to do here either.",
  "super_section": null,
  "section_depth": 1,
  "branching": false,
  "optional": false
 }
},
{
 "model": "dmpt.section",
 "pk": 4,
 "fields": {
  "modified": "2019-03-07T13:08:16.013Z",
  "cloned_from": null,
  "cloned_when": null,
  "template": 1,
  "label": "",
  "title": "Last section",
  "position": 4,
  "introductory_text": "This is the introductory text to the last section",
  "comment": "This section also has a comment.",
  "super_section": null,
  "section_depth": 1,
  "branching": false,
  "optional": false
 }
},
{
 "model": "dmpt.section",
 "pk": 5,
 "fields": {
  "modified": "2019-03-07T13:08:16.013Z",
  "cloned_from": null,
  "cloned_when": null,
  "template": 2,
  "label": "",
  "title": "",
  "position": 1,
  "introductory_text": "This is the only and unnamed section of this template.",
  "comment": "",
  "super_section": null,
  "section_depth": 1,
  "branching": false,
  "optional": false
 }
},
{
 "model": "dmpt.question",
 "pk": 1,
 "fields": {
  "cloned_from": null,
  "cloned_when": null,
  "input_type": "choice",
  "section": 1,
  "position": 1,
  "label": "",
  "question": "Why did the chicken cross the road?",
  "help_text": "Yes, this is a joke. It also shows off a \"choice\" question. Just pick one. Feel free to discuss this class of joke in the \"Notes\"-field.",
  "framing_text": "",
  "comment": "This is a comment. It is in addition to the help text. Each choice in the form have their own help texts for this question, check the html code, the div with class \"answers\".",
  "on_trunk": true,
  "optional": false,
  "optional_canned_text": ""
 }
},
{
 "model": "dmpt.question",
 "pk": 2,
 "fields": {
  "cloned_from": null,
  "cloned_when": null,
  "input_type": "daterange",
  "section": 1,
  "position": 2,
  "label": "",
  "question": "Pick two dates, the first earlier than the last.",
  "help_text": "This shows off the date range type.",
  "framing_text": "The dates chosen are between {start} and {end}.",
  "comment": "",
  "on_trunk": true,
  "optional": false,
  "optional_canned_text": ""
 }
},
{
 "model": "dmpt.question",
 "pk": 3,
 "fields": {
  "cloned_from": null,
  "cloned_when": null,
  "input_type": "multichoiceonetext",
  "section": 1,
  "position": 3,
  "label": "",
  "question": "What is the main weapon of The Spanish Inquisition?",
  "help_text": "This shows of a \"multichoiceonetext\" question.",
  "framing_text": "The main weapon of the Spanish Inquisition is {}.",
  "comment": "",
  "on_trunk": true,
  "optional": false,
  "optional_canned_text": ""
 }
},
{
 "model": "dmpt.question",
 "pk": 4,
 "fields": {
  "cloned_from": null,
  "cloned_when": null,
  "input_type": "bool",
  "section": 1,
  "position": 4,
  "label": "",
  "question": "Is this the final question of the first section?",
  "help_text": "Another joke, and showing off the \"bool\" question.",
  "framing_text": "",
  "comment": "",
  "on_trunk": true,
  "optional": false,
  "optional_canned_text": ""
 }
},
{
 "model": "dmpt.question",
 "pk": 5,
 "fields": {
  "cloned_from": null,
  "cloned_when": null,
  "input_type": "namedurl",
  "section": 1,
  "position": 5,
  "label": "",
  "question": "Think of an url. Any url.",
  "help_text": "This is the \"namedurl\" question. The url is obligatory, the name is not.",
  "framing_text": "",
  "comment": "",
  "on_trunk": true,
  "optional": false,
  "optional_canned_text": ""
 }
},
{
 "model": "dmpt.question",
 "pk": 6,
 "fields": {
  "cloned_from": null,
  "cloned_when": null,
  "input_type": "multinamedurlonetext",
  "section": 1,
  "position": 6,
  "label": "",
  "question": "Write in several urls:",
  "help_text": "This is the \"multinamedurlonetext\" question.",
  "framing_text": "",
  "comment": "",
  "on_trunk": true,
  "optional": false,
  "optional_canned_text": ""
 }
},
{
 "model": "dmpt.question",
 "pk": 7,
 "fields": {
  "cloned_from": null,
  "cloned_when": null,
  "input_type": "multidmptypedreasononetext",
  "section": 1,
  "position": 7,
  "label": "",
  "question": "(H2020) Per data type, why are they restricted?",
  "help_text": "This is an example of a \"multidmptypedreasononetext\" question. This is a question very specialized for H2020. You need to explain why specific data types cannot be fully publicly accessible.",
  "framing_text": "",
  "comment": "",
  "on_trunk": true,
  "optional": false,
  "optional_canned_text": ""
 }
},
{
 "model": "dmpt.question",
 "pk": 8,
 "fields": {
  "cloned_from": null,
  "cloned_when": null,
  "input_type": "bool",
  "section": 4,
  "position": 1,
  "label": "",
  "question": "If a tree falls in a forest and no one is around to hear it, does it make a sound?",
  "help_text": "A new joke for a new section.",
  "framing_text": "",
  "comment": "",
  "on_trunk": true,
  "optional": false,
  "optional_canned_text": ""
 }
},
{
 "model": "dmpt.question",
 "pk": 9,
 "fields": {
  "cloned_from": null,
  "cloned_when": null,
  "input_type": "reason",
  "section": 4,
  "position": 2,
  "label": "",
  "question": "But really, why did the chicken cross the road?",
  "help_text": "This is a \"reason\" question. Please explain.",
  "framing_text": "",
  "comment": "",
  "on_trunk": true,
  "optional": false,
  "optional_canned_text": ""
 }
},
{
 "model": "dmpt.question",
 "pk": 10,
 "fields": {
  "cloned_from": null,
  "cloned_when": null,
  "input_type": "positiveinteger",
  "section": 4,
  "position": 3,
  "label": "",
  "question": "How many trees would a woodchuck chuck if a woodchuck could chuck trees?",
  "help_text": "This is a \"positiveinteger\" question. 0 is okay, really.",
  "framing_text": "",
  "comment": "",
  "on_trunk": true,
  "optional": false,
  "optional_canned_text": ""
 }
},
{
 "model": "dmpt.question",
 "pk": 11,
 "fields": {
  "cloned_from": null,
  "cloned_when": null,
  "input_type": "externalchoice",
  "section": 4,
  "position": 4,
  "label": "",
  "question": "What's your favorite file format?",
  "help_text": "This is an \"externalchoice\" question. The choices are fetched via API and cached before they are rendered here.",
  "framing_text": "",
  "comment": "",
  "on_trunk": true,
  "optional": false,
  "optional_canned_text": ""
 }
},
{
 "model": "dmpt.question",
 "pk": 12,
 "fields": {
  "cloned_from": null,
  "cloned_when": null,
  "input_type": "extchoicenotlisted",
  "section": 4,
  "position": 5,
  "label": "",
  "question": "Pick a license",
  "help_text": "If the license you would prefer is not in the list, choose \"Not listed\".",
  "framing_text": "",
  "comment": "",
  "on_trunk": true,
  "optional": false,
  "optional_canned_text": ""
 }
},
{
 "model": "dmpt.question",
 "pk": 13,
 "fields": {
  "cloned_from": null,
  "cloned_when": null,
  "input_type": "externalmultichoiceonetext",
  "section": 4,
  "position": 6,
  "label": "",
  "question": "Select one or more in the list below:",
  "help_text": "This is an \"externalmultichoiceonetext\" question. You have to choose at least one. The choices are fetched from an API and cached before being rendered here.",
  "framing_text": "",
  "comment": "",
  "on_trunk": true,
  "optional": false,
  "optional_canned_text": ""
 }
},
{
 "model": "dmpt.question",
 "pk": 14,
 "fields": {
  "cloned_from": null,
  "cloned_when": null,
  "input_type": "extmultichoicenotlistedonetext",
  "section": 4,
  "position": 7,
  "label": "",
  "question": "Pick one or more, optionally checking off \"Not Listed\":",
  "help_text": "This is an \"extmultichoicenotlistedonetext\" question. The choices are fetched by API and cached before rendering. You do not need to choose anything, but in that case, tick off \"not listed\". If you can't find what you're looking for you can also tick off \"not listed\".",
  "framing_text": "",
  "comment": "",
  "on_trunk": true,
  "optional": false,
  "optional_canned_text": ""
 }
},
{
 "model": "dmpt.question",
 "pk": 15,
 "fields": {
  "cloned_from": null,
  "cloned_when": null,
  "input_type": "reason",
  "section": 5,
  "position": 1,
  "label": "",
  "question": "Plese write something:",
  "help_text": "",
  "framing_text": "",
  "comment": "",
  "on_trunk": true,
  "optional": false,
  "optional_canned_text": ""
 }
},
{
 "model": "dmpt.cannedanswer",
 "pk": 1,
 "fields": {
  "cloned_from": null,
  "cloned_when": null,
  "question": 1,
  "position": 1,
  "choice": "Because of inflation",
  "canned_text": "The chicken crossed the road due to inflation.",
  "comment": "This is a comment to the canned answer \"Because of inflation\". This was added because for the 2016 dmp tool, the cannned text looked like \"Canned text COMMENT comment\" and some javascript picked out the text after \"COMMENT\" and displayed it in a popup when hovering above the choice.",
  "transition": null
 }
},
{
 "model": "dmpt.cannedanswer",
 "pk": 2,
 "fields": {
  "cloned_from": null,
  "cloned_when": null,
  "question": 1,
  "position": 2,
  "choice": "To get to the other side",
  "canned_text": "The chicken crossed the road in order to get to the other side.",
  "comment": "This is a comment to the canned answer \"To get to the other side\".  This was added because for the 2016 dmp tool, the cannned text looked like \"Canned text COMMENT comment\" and some javascript picked out the text after \"COMMENT\" and displayed it in a popup when hovering above the choice.",
  "transition": null
 }
},
{
 "model": "dmpt.cannedanswer",
 "pk": 3,
 "fields": {
  "cloned_from": null,
  "cloned_when": null,
  "question": 1,
  "position": 3,
  "choice": "What chicken?!",
  "canned_text": "",
  "comment": "This is a comment to the answer \"What chicken?!\". This was added because for the 2016 dmp tool, the cannned text looked like \"Canned text COMMENT comment\" and some javascript picked out the text after \"COMMENT\" and displayed it in a popup when hovering above the choice. This answer lacks a canned text, and falls back to just showing \"What chicken?!\" in the generated HTML.",
  "transition": null
 }
},
{
 "model": "dmpt.cannedanswer",
 "pk": 4,
 "fields": {
  "cloned_from": null,
  "cloned_when": null,
  "question": 3,
  "position": 1,
  "choice": "surprise",
  "canned_text": "",
  "comment": "",
  "transition": null
 }
},
{
 "model": "dmpt.cannedanswer",
 "pk": 5,
 "fields": {
  "cloned_from": null,
  "cloned_when": null,
  "question": 3,
  "position": 2,
  "choice": "fear",
  "canned_text": "",
  "comment": "",
  "transition": null
 }
},
{
 "model": "dmpt.cannedanswer",
 "pk": 6,
 "fields": {
  "cloned_from": null,
  "cloned_when": null,
  "question": 3,
  "position": 3,
  "choice": "ruthless efficiency",
  "canned_text": "",
  "comment": "",
  "transition": null
 }
},
{
 "model": "dmpt.cannedanswer",
 "pk": 7,
 "fields": {
  "cloned_from": null,
  "cloned_when": null,
  "question": 3,
  "position": 4,
  "choice": "an almost fanatical devotion to the Pope",
  "canned_text": "",
  "comment": "",
  "transition": null
 }
},
{
 "model": "dmpt.cannedanswer",
 "pk": 8,
 "fields": {
  "cloned_from": null,
  "cloned_when": null,
  "question": 3,
  "position": 5,
  "choice": "nice red uniforms",
  "canned_text": "",
  "comment": "",
  "transition": null
 }
},
{
 "model": "dmpt.cannedanswer",
 "pk": 9,
 "fields": {
  "cloned_from": null,
  "cloned_when": null,
  "question": 4,
  "position": 1,
  "choice": "Yes",
  "canned_text": "This was the final question of the section.",
  "comment": "",
  "transition": null
 }
},
{
 "model": "dmpt.cannedanswer",
 "pk": 10,
 "fields": {
  "cloned_from": null,
  "cloned_when": null,
  "question": 4,
  "position": 2,
  "choice": "No",
  "canned_text": "This was not the final question of the section.",
  "comment": "",
  "transition": null
 }
},
{
 "model": "dmpt.cannedanswer",
 "pk": 11,
 "fields": {
  "cloned_from": null,
  "cloned_when": null,
  "question": 8,
  "position": 1,
  "choice": "Yes",
  "canned_text": "",
  "comment": "",
  "transition": null
 }
},
{
 "model": "dmpt.cannedanswer",
 "pk": 12,
 "fields": {
  "cloned_from": null,
  "cloned_when": null,
  "question": 8,
  "position": 2,
  "choice": "No",
  "canned_text": "",
  "comment": "",
  "transition": null
 }
},
{
 "model": "dmpt.cannedanswer",
 "pk": 13,
 "fields": {
  "cloned_from": null,
  "cloned_when": null,
  "question": 14,
  "position": 1,
  "choice": "not-listed",
  "canned_text": "Nothing were chosen",
  "comment": "",
  "transition": null
 }
},
{
 "model": "eestore.eestoretype",
 "pk": "academicsubject",
 "fields": {}
},
{
 "model": "eestore.eestoretype",
 "pk": "datarepo",
 "fields": {}
},
{
 "model": "eestore.eestoretype",
 "pk": "datasetmdrepo",
 "fields": {}
},
{
 "model": "eestore.eestoretype",
 "pk": "fileformat",
 "fields": {}
},
{
 "model": "eestore.eestoretype",
 "pk": "license",
 "fields": {}
},
{
 "model": "eestore.eestoretype",
 "pk": "metadataschema",
 "fields": {}
},
{
 "model": "eestore.eestoretype",
 "pk": "organizationrepo",
 "fields": {}
},
{
 "model": "eestore.eestoretype",
 "pk": "personrepo",
 "fields": {}
},
{
 "model": "eestore.eestoretype",
 "pk": "projectrepo",
 "fields": {}
},
{
 "model": "eestore.eestoretype",
 "pk": "servicerepo",
 "fields": {}
},
{
 "model": "eestore.eestoretype",
 "pk": "taxonomy",
 "fields": {}
},
{
 "model": "eestore.eestoresource",
 "pk": 1,
 "fields": {
  "eestore_type": "fileformat",
  "name": "pronom"
 }
},
{
 "model": "eestore.eestoresource",
 "pk": 2,
 "fields": {
  "eestore_type": "license",
  "name": "creativecommons"
 }
},
{
 "model": "eestore.eestoresource",
 "pk": 3,
 "fields": {
  "eestore_type": "fileformat",
  "name": "pronom-generic"
 }
},
{
 "model": "eestore.eestoresource",
 "pk": 4,
 "fields": {
  "eestore_type": "metadataschema",
  "name": "rd-alliance"
 }
},
{
 "model": "eestore.eestoresource",
 "pk": 5,
 "fields": {
  "eestore_type": "datasetmdrepo",
  "name": "local"
 }
},
{
 "model": "eestore.eestoresource",
 "pk": 6,
 "fields": {
  "eestore_type": "taxonomy",
  "name": "taxonomywarehouse"
 }
},
{
 "model": "eestore.eestoresource",
 "pk": 7,
 "fields": {
  "eestore_type": "academicsubject",
  "name": "local"
 }
},
{
 "model": "eestore.eestorecache",
 "pk": 1,
 "fields": {
  "eestore_pid": "fileformat:pronom/fmt/660",
  "eestore_id": 1,
  "eestore_type": "fileformat",
  "source": 1,
  "name": "Adobe Type 1 Mac Font File",
  "uri": "",
  "pid": "fmt/660",
  "remote_id": "fmt/660",
  "data": {"version":"","extensions":[]},
  "last_fetched": "2017-11-10T07:33:34.569Z"
 }
}]